{"cameraMode":{"drawMode":0,"name":"Shaded","section":"Shading Mode"},"sceneLighting":false,"audioPlay":false,"sceneViewState":{"showFog":false,"showMaterialUpdate":false,"showSkybox":false,"showFlares":false,"showImageEffects":false,"showParticleSystems":false},"in2DMode":false,"pivot":{"x":3.3499999046325685,"y":0.8999999761581421,"z":-1.0},"rotation":{"x":-0.48684027791023257,"y":-0.19677360355854035,"z":0.11358246207237244,"w":-0.8434250354766846},"size":1.7881009578704835,"orthographic":true}